estado,populacao,pratica
AC ,894470,
AL ,3351543,
AM ,4207714,
BA ,14930634,
CE ,9187103,
DF ,3055149,
ES ,4064052,
GO ,7113540,
MA ,7114598,
MT ,3526220,
MS ,2809394,
MG ,21292666,
PA ,11516840,
PB ,4039277,
PR ,11516840,
PE ,9616621,
PI ,3281480,
RJ ,6747815,
RN ,3534165,
RS ,11422973,
RO ,1796460,
RR ,631181,
SC ,7252502,
SP ,46289333,
SE ,2318822,
TO ,1590248,
